<application>
  <component name="Go">
    <option name="convertJsonOnPaste" value="NO" />
    <option name="indentOnEnterInRawStrings" value="true" />
    <option name="renamePackageOnDirectoryRenaming" value="YES" />
    <option name="renameSearchInCommentsForFunction" value="false" />
    <option name="renameSearchInCommentsForType" value="false" />
    <option name="renameSearchInCommentsForVariable" value="false" />
    <option name="showDocumentationInParameterPopup" value="true" />
  </component>
</application>