<application>
  <component name="CodeVisionSettings">
    <option name="codeVisionGroupToPosition">
      <map>
        <entry key="go.implement.interface" value="Default" />
        <entry key="inheritors" value="Default" />
        <entry key="references" value="Default" />
        <entry key="rename" value="Default" />
        <entry key="vcs.code.vision" value="Default" />
        <entry key="vgo.update.dependencies" value="Default" />
      </map>
    </option>
    <option name="defaultPosition" value="Right" />
    <option name="disabledCodeVisionProviderIds">
      <set>
        <option value="go.implement.interface" />
        <option value="inheritors" />
        <option value="references" />
        <option value="rename" />
        <option value="vcs.code.vision" />
        <option value="vgo.update.dependencies" />
      </set>
    </option>
    <option name="enabled" value="false" />
  </component>
  <component name="CursiveManagers">
    <option name="newStyle" value="false" />
  </component>
  <component name="DeclarativeInlayHintsSettings">
    <option name="enabledOptions">
      <map>
        <entry key="js.type.hints#function.returns" value="true" />
        <entry key="js.type.hints#non.paren.single.param" value="true" />
        <entry key="js.type.hints#parameters.in.parens" value="true" />
        <entry key="js.type.hints#variables.and.fields" value="true" />
        <entry key="sql.column.names.inlay.hints#sql.show.column.names.for.asterisk" value="true" />
        <entry key="sql.column.names.inlay.hints#sql.show.column.names.for.set.operations" value="true" />
        <entry key="sql.column.names.inlay.hints#sql.show.column.names.in.insert.values" value="true" />
        <entry key="sql.column.names.inlay.hints#sql.show.column.names.in.select" value="true" />
        <entry key="sql.join.cardinality.hints#full.join" value="true" />
        <entry key="sql.join.cardinality.hints#inner.join" value="true" />
        <entry key="sql.join.cardinality.hints#left.join" value="true" />
        <entry key="sql.join.cardinality.hints#right.join" value="true" />
        <entry key="ts.type.hints#function.returns" value="true" />
        <entry key="ts.type.hints#non.paren.single.param" value="true" />
        <entry key="ts.type.hints#parameters.in.parens" value="true" />
        <entry key="ts.type.hints#variables.and.fields" value="true" />
      </map>
    </option>
    <option name="providerIdToEnabled">
      <map>
        <entry key="js.chain.hints" value="true" />
        <entry key="js.type.hints" value="true" />
        <entry key="qodana.yaml.inspection.descriptions" value="true" />
        <entry key="sql.column.names.inlay.hints" value="true" />
        <entry key="sql.join.cardinality.hints" value="true" />
        <entry key="ts.chain.hints" value="true" />
        <entry key="ts.enum.hints" value="false" />
        <entry key="ts.type.hints" value="true" />
      </map>
    </option>
  </component>
  <component name="EditorSettings">
    <option name="USE_SOFT_WRAPS" value="MAIN_EDITOR" />
    <option name="SOFT_WRAP_FILE_MASKS" value="*.md; *.txt; *.rst; *.adoc; *.go" />
    <option name="IS_ENSURE_NEWLINE_AT_EOF" value="true" />
    <option name="IS_INDENT_GUIDES_SHOWN" value="false" />
    <option name="IS_DND_ENABLED" value="false" />
  </component>
  <component name="InlayHintsSettings">
    <option name="disabledHintProviderIds">
      <set>
        <option value="go.go.inlays.display.constant.definition" />
      </set>
    </option>
    <option name="lastViewedProviderKeyId" value="" />
  </component>
  <component name="InlineCompletionOnboarding">
    <option name="onboardingFinished" value="true" />
  </component>
  <component name="TodoConfiguration">
    <pattern icon="question" useCustomColors="true" pattern="@note.*">
      <option name="FOREGROUND" value="6ebb65" />
      <option name="FONT_TYPE" value="1" />
      <option name="ERROR_STRIPE_COLOR" value="a74c0" />
    </pattern>
    <pattern useCustomColors="true" pattern="@see.*">
      <option name="FOREGROUND" value="4a97bb" />
      <option name="FONT_TYPE" value="1" />
      <option name="ERROR_STRIPE_COLOR" value="a74c0" />
    </pattern>
    <pattern useCustomColors="true" pattern="@todo.*">
      <option name="FOREGROUND" value="bb7321" />
      <option name="FONT_TYPE" value="1" />
      <option name="ERROR_STRIPE_COLOR" value="a74c0" />
    </pattern>
    <pattern useCustomColors="true" pattern="@try.*">
      <option name="FOREGROUND" value="9bbbb7" />
      <option name="FONT_TYPE" value="1" />
      <option name="ERROR_STRIPE_COLOR" value="a74c0" />
    </pattern>
  </component>
  <component name="XmlEditorOptions">
    <option name="tagTreeHighlightingOpacity" value="0" />
  </component>
</application>