<application>
  <component name="FileTypeManager" version="19">
    <extensionMap>
      <mapping pattern="LICENSE" type="AUTO_DETECTED" />
      <mapping pattern="mcp.json" type="JSON5" />
      <mapping pattern=".gitkeep" type="PLAIN_TEXT" />
      <mapping pattern=".config.env.example" type="PLAIN_TEXT" />
      <mapping ext="binpb" type="PLAIN_TEXT" />
      <removed_mapping ext="bash" approved="true" type="Shell Script" />
      <removed_mapping ext="dockerignore" approved="true" type="DockerIgnore file" />
      <removed_mapping ext="ignore" approved="true" type="IgnoreLang file" />
      <removed_mapping ext="sh" approved="true" type="Shell Script" />
      <removed_mapping ext="zsh" approved="true" type="Shell Script" />
    </extensionMap>
  </component>
</application>