<application>
  <component name="GoSdkList">
    <sdk-url>
      <set>
        <option value="file://$USER_HOME$/go/pkg/mod/golang.org/toolchain@v0.0.1-go1.23.3.darwin-arm64" />
        <option value="file://$USER_HOME$/go/pkg/mod/golang.org/toolchain@v0.0.1-go1.23.6.darwin-arm64" />
        <option value="file://$USER_HOME$/sdk/go1.22.11" />
        <option value="file://$USER_HOME$/sdk/go1.23.1" />
        <option value="file://$USER_HOME$/sdk/go1.24.1" />
        <option value="file:///opt/gopath/pkg/mod/golang.org/toolchain@v0.0.1-go1.24.2.darwin-arm64" />
        <option value="file:///opt/gopath/pkg/mod/golang.org/toolchain@v0.0.1-go1.24.4.darwin-arm64" />
        <option value="file:///opt/gopath/pkg/mod/golang.org/toolchain@v0.0.1-go1.24.6.darwin-arm64" />
        <option value="file:///opt/gopath/pkg/mod/golang.org/toolchain@v0.0.1-go1.25.0.darwin-arm64" />
        <option value="file:///opt/gopath/pkg/mod/golang.org/toolchain@v0.0.1-go1.25.1.darwin-arm64" />
        <option value="file:///opt/gosdk/go1.24.1" />
        <option value="file:///opt/gosdk/go1.24.2" />
        <option value="file:///opt/gosdk/go1.24.4" />
        <option value="file:///opt/gosdk/go1.24.6" />
        <option value="file:///opt/gosdk/go1.25.0" />
        <option value="file:///opt/gosdk/go1.25.1" />
        <option value="file:///opt/homebrew/opt/go/libexec" />
        <option value="file:///usr/local/opt/go/libexec" />
      </set>
    </sdk-url>
  </component>
</application>