<application>
  <component name="CachedDictionaryState">
    <words>
      <w>acks</w>
      <w>bigcache</w>
      <w>buildx</w>
      <w>conns</w>
      <w>containerd</w>
      <w>ghcr</w>
      <w>gitleaks</w>
      <w>goapp</w>
      <w>gochan</w>
      <w>golangci</w>
      <w>grpcdsn</w>
      <w>hasansino</w>
      <w>karakeep</w>
      <w>miniredis</w>
      <w>otlp</w>
      <w>postgre</w>
      <w>procs</w>
      <w>recv</w>
      <w>sbom</w>
      <w>vmetrics</w>
    </words>
  </component>
</application>