<application>
  <component name="Trusted.Paths">
    <option name="TRUSTED_PROJECT_PATHS">
      <map>
        <entry key="/opt/github.com/hasansino/gobasics" value="true" />
        <entry key="/opt/go/github.com/GianlucaP106/minecraft" value="true" />
        <entry key="/opt/go/github.com/austinmpask/Goren" value="true" />
        <entry key="/opt/go/github.com/facepp-tech/faserver-high-tech-cross.abdurasidovs-hasans" value="true" />
        <entry key="/opt/go/github.com/hasansino/apptemplate" value="true" />
        <entry key="/opt/go/github.com/hasansino/cfg2env" value="true" />
        <entry key="/opt/go/github.com/hasansino/clitemplate" value="true" />
        <entry key="/opt/go/github.com/hasansino/etcd2cfg" value="true" />
        <entry key="/opt/go/github.com/hasansino/exness" value="true" />
        <entry key="/opt/go/github.com/hasansino/exness-golang" value="true" />
        <entry key="/opt/go/github.com/hasansino/github2karakeep" value="true" />
        <entry key="/opt/go/github.com/hasansino/go42" value="true" />
        <entry key="/opt/go/github.com/hasansino/go42x" value="true" />
        <entry key="/opt/go/github.com/hasansino/goapp" value="true" />
        <entry key="/opt/go/github.com/hasansino/gobasics" value="true" />
        <entry key="/opt/go/github.com/hasansino/gogek" value="true" />
        <entry key="/opt/go/github.com/hasansino/incrowd" value="true" />
        <entry key="/opt/go/github.com/hasansino/just_practice" value="true" />
        <entry key="/opt/go/github.com/hasansino/libvault" value="true" />
        <entry key="/opt/go/github.com/hasansino/test" value="true" />
        <entry key="/opt/go/github.com/hasansino/tinyeye" value="true" />
        <entry key="/opt/go/github.com/hasansino/vault2cfg" value="true" />
        <entry key="/opt/go/github.com/hasansino/xm-test" value="true" />
        <entry key="/opt/go/github.com/sneakyhire/api" value="true" />
        <entry key="/opt/go/github.com/sneakyhire/taskflow" value="true" />
        <entry key="/opt/xmcy-test" value="true" />
      </map>
    </option>
  </component>
  <component name="Trusted.Paths.Settings">
    <option name="TRUSTED_PATHS">
      <list>
        <option value="/opt/github.com/hasansino" />
        <option value="/opt/go/github.com/hasansino" />
        <option value="/opt/go/github.com/sneakyhire" />
      </list>
    </option>
  </component>
</application>