<application>
  <component name="DimensionService">
    <location key="find.popup.0.0.2560.1440@144dpi" x="919" y="127" />
    <location key="find.popup.0.0.2560.1440@168dpi" x="855" y="48" />
    <location key="find.popup.0.0.3024.1964@240dpi" x="760" y="76" />
    <size key="GridCell.Tab.0.left.0.0.2560.1440@144dpi" width="2436" height="403" />
    <size key="GridCell.Tab.0.center.0.0.2560.1440@144dpi" width="2436" height="403" />
    <size key="GridCell.Tab.0.right.0.0.2560.1440@144dpi" width="2436" height="403" />
    <size key="GridCell.Tab.0.bottom.0.0.2560.1440@144dpi" width="2436" height="403" />
    <size key="GridCell.Tab.0.left.0.0.3024.1964@288dpi" width="2776" height="614" />
    <size key="GridCell.Tab.0.center.0.0.3024.1964@288dpi" width="2776" height="614" />
    <size key="GridCell.Tab.0.right.0.0.3024.1964@288dpi" width="2776" height="614" />
    <size key="GridCell.Tab.0.bottom.0.0.3024.1964@288dpi" width="2776" height="614" />
    <size key="GridCell.Tab.1.left.0.0.2560.1440@144dpi" width="2436" height="516" />
    <size key="GridCell.Tab.1.center.0.0.2560.1440@144dpi" width="2436" height="516" />
    <size key="GridCell.Tab.1.right.0.0.2560.1440@144dpi" width="2436" height="516" />
    <size key="GridCell.Tab.1.bottom.0.0.2560.1440@144dpi" width="2436" height="516" />
    <size key="find.popup.0.0.2560.1440@144dpi" width="927" height="804" />
    <size key="GridCell.Tab.1.left.0.0.3024.1964@288dpi" width="2776" height="614" />
    <size key="GridCell.Tab.1.center.0.0.3024.1964@288dpi" width="2776" height="614" />
    <size key="GridCell.Tab.1.right.0.0.3024.1964@288dpi" width="2776" height="614" />
    <size key="GridCell.Tab.1.bottom.0.0.3024.1964@288dpi" width="2776" height="614" />
    <size key="find.popup.0.0.2560.1440@168dpi" width="1083" height="1392" />
    <size key="GridCell.Tab.0.left.0.0.2560.1440@168dpi" width="1697" height="555" />
    <size key="GridCell.Tab.0.center.0.0.2560.1440@168dpi" width="1697" height="555" />
    <size key="GridCell.Tab.0.right.0.0.2560.1440@168dpi" width="1697" height="555" />
    <size key="GridCell.Tab.0.bottom.0.0.2560.1440@168dpi" width="1697" height="555" />
    <size key="find.popup.0.0.3024.1964@240dpi" width="1796" height="1888" />
  </component>
  <component name="WindowManager">
    <frame x="0" y="25" width="2541" height="1409" extendedState="6" />
  </component>
  <component name="WindowStateApplicationService">
    <state width="772" height="157" key="ShowUsagesActions.dimensionServiceKey.ideScale=125" timestamp="1755956873017">
      <screen x="0" y="38" width="1512" height="944" />
    </state>
    <state width="772" height="157" key="ShowUsagesActions.dimensionServiceKey.ideScale=125/0.38.1512.944" timestamp="1755956873017" />
    <state width="646" height="161" key="ShowUsagesActions.dimensionServiceKey.ideScale=150" timestamp="1757767193026">
      <screen x="0" y="25" width="2560" height="1415" />
    </state>
    <state width="1051" height="191" key="ShowUsagesActions.dimensionServiceKey.ideScale=150/0.25.2560.1305" timestamp="1753988464070" />
    <state width="956" height="161" key="ShowUsagesActions.dimensionServiceKey.ideScale=150/0.25.2560.1313" timestamp="1754246015885" />
    <state width="909" height="161" key="ShowUsagesActions.dimensionServiceKey.ideScale=150/0.25.2560.1324" timestamp="1754675551554" />
    <state width="646" height="161" key="ShowUsagesActions.dimensionServiceKey.ideScale=150/0.25.2560.1415" timestamp="1757767193026" />
    <state width="1068" height="191" key="ShowUsagesActions.dimensionServiceKey.ideScale=150/0.38.1512.834" timestamp="1754026379596" />
    <state width="1009" height="161" key="ShowUsagesActions.dimensionServiceKey.ideScale=150/0.38.1512.944" timestamp="1756053272110" />
    <state width="1023" height="161" key="ShowUsagesActions.dimensionServiceKey.ideScale=150/1440.1478.1512.834/0.25.2560.1415" timestamp="1753195784328" />
    <state width="1026" height="161" key="ShowUsagesActions.dimensionServiceKey.ideScale=150/1440.1478.1512.944/0.25.2560.1305" timestamp="1753207180060" />
    <state width="1009" height="161" key="ShowUsagesActions.dimensionServiceKey.ideScale=150/1440.1478.1512.944/0.25.2560.1415" timestamp="1757265960477" />
    <state width="841" height="161" key="ShowUsagesActions.dimensionServiceKey.ideScale=150/2560.1478.1512.944/0.25.2560.1305" timestamp="1750785685259" />
    <state width="964" height="221" key="ShowUsagesActions.dimensionServiceKey.ideScale=175" timestamp="1754805572823">
      <screen x="0" y="25" width="2560" height="1415" />
    </state>
    <state width="964" height="221" key="ShowUsagesActions.dimensionServiceKey.ideScale=175/0.25.2560.1415" timestamp="1754805572823" />
    <state x="1280" y="673" width="1200" height="1063" key="WELCOME_SCREEN.ideScale=150" timestamp="1756325091811">
      <screen x="0" y="25" width="2560" height="1415" />
    </state>
    <state x="1280" y="673" width="1200" height="1063" key="WELCOME_SCREEN.ideScale=150/1440.1478.1512.944/0.25.2560.1415" timestamp="1756325091811" />
    <state x="1280" y="623" width="1200" height="980" key="WELCOME_SCREEN.ideScale=150/2560.1478.1512.944/0.25.2560.1305" timestamp="1750916562048" />
  </component>
</application>